{
  "hash": "a94bca71",
  "configHash": "c61f06f8",
  "lockfileHash": "b5442605",
  "browserHash": "4c59e96a",
  "optimized": {
    "@angular/common/http": {
      "src": "../../../../../../node_modules/@angular/common/fesm2022/http.mjs",
      "file": "@angular_common_http.js",
      "fileHash": "58ce9df9",
      "needsInterop": false
    },
    "@angular/core": {
      "src": "../../../../../../node_modules/@angular/core/fesm2022/core.mjs",
      "file": "@angular_core.js",
      "fileHash": "d4814fcf",
      "needsInterop": false
    },
    "@angular/forms": {
      "src": "../../../../../../node_modules/@angular/forms/fesm2022/forms.mjs",
      "file": "@angular_forms.js",
      "fileHash": "8fc1855f",
      "needsInterop": false
    },
    "@angular/platform-browser": {
      "src": "../../../../../../node_modules/@angular/platform-browser/fesm2022/platform-browser.mjs",
      "file": "@angular_platform-browser.js",
      "fileHash": "22509c9a",
      "needsInterop": false
    },
    "@angular/router": {
      "src": "../../../../../../node_modules/@angular/router/fesm2022/router.mjs",
      "file": "@angular_router.js",
      "fileHash": "de6ed66e",
      "needsInterop": false
    },
    "@auth0/angular-jwt": {
      "src": "../../../../../../node_modules/@auth0/angular-jwt/fesm2020/auth0-angular-jwt.mjs",
      "file": "@auth0_angular-jwt.js",
      "fileHash": "d5e6785f",
      "needsInterop": false
    },
    "rxjs": {
      "src": "../../../../../../node_modules/rxjs/dist/esm5/index.js",
      "file": "rxjs.js",
      "fileHash": "7fc47fcf",
      "needsInterop": false
    },
    "rxjs/operators": {
      "src": "../../../../../../node_modules/rxjs/dist/esm5/operators/index.js",
      "file": "rxjs_operators.js",
      "fileHash": "3c9bad9f",
      "needsInterop": false
    }
  },
  "chunks": {
    "chunk-ROK2S42R": {
      "file": "chunk-ROK2S42R.js"
    },
    "chunk-RPP77HCQ": {
      "file": "chunk-RPP77HCQ.js"
    },
    "chunk-OKK6HB5X": {
      "file": "chunk-OKK6HB5X.js"
    },
    "chunk-5EGFENCT": {
      "file": "chunk-5EGFENCT.js"
    },
    "chunk-LBBSG2YE": {
      "file": "chunk-LBBSG2YE.js"
    },
    "chunk-WSXI74FV": {
      "file": "chunk-WSXI74FV.js"
    },
    "chunk-NGNUV6BG": {
      "file": "chunk-NGNUV6BG.js"
    }
  }
}